Titre,ImageSrc
VITA BLACK ALOE VERA GELATINE - 500ML,https://bellissimareunion.com/wp-content/uploads/2020/10/gelatine-capillaire-aloe-vera.jpg
VITA BLACK ALOE VERA HUILE - 100ML,https://mrcosmetica.com/4939-large_default/oleo-babosa-aloe-vera-100ml-vita-black.jpg
VITA BLACK ALOE VERA LEAVE IN - 500ML,https://bellissimareunion.com/wp-content/uploads/2020/12/apres-shampoing-aloe-vera-vita-black.jpg
VITA BLACK ALOE VERA SHAMPOOING - 500ML,https://bellissimareunion.com/wp-content/uploads/2020/12/shampoing-aloe-vera-vita-black.jpg
VITA BLACK BK 7X1 CREME REDUCTRICE VOLUME - 400ML,https://www.medilcosmeticos.com/wp-content/uploads/2018/10/0005293_vita_black_creme_redutor_de_volume_7_em_1_600.jpeg
VITA BLACK BK APRES-SHAMPOOING - 400ML,https://cdn.shopify.com/s/files/1/0076/5014/8449/products/vitablack-activateur-de-boucle-400ml_600x.jpg?v=1598101117
VITA BLACK BK LEAVE IN 10EN1 - 1L,https://m.media-amazon.com/images/I/41gyaZeG0bL._AC_UL320_.jpg
VITA BLACK BK LEAVE IN CREME - 400ML,https://cdn.shopify.com/s/files/1/0454/3486/3778/products/vita-black-vita-black-olive-oil-leave-in-cream-400ml-18807243735202.jpg?v=1647368484
VITA BLACK BK SHAMPOOING - 400ML,https://cdn.shopify.com/s/files/1/0076/5014/8449/products/vitablack-activateur-de-boucle-400ml_large.jpg?v=1598101117
VITA BLACK HUILE VEGETALES - 100ML,https://lookaside.fbsbx.com/lookaside/crawler/media/?media_id=4643184352368507
VITA BLACK LOC SYSTEM SHAMPOOING - 400ML,http://cdn.shopify.com/s/files/1/0454/3486/3778/products/vita-black-vita-black-loc-system-shampoo-400ml-18807233183906_cf2cefc0-d55f-455a-a1ba-a683439b2c55.jpg?v=1647368469
VITA BLACK MACADAMIA SHAMPOOING - 400ML,https://cdn.shopify.com/s/files/1/0454/3486/3778/products/vita-black-vita-black-macadamia-oil-shampoo-400ml-18807238131874_a918c705-f2c2-4c57-be7c-e9ec98ffbb3f.jpg?v=1647368474
VITA BLACK SERUM THERMO PROTECTEUR - 100ML,http://cdn.shopify.com/s/files/1/0519/5291/0532/products/vita-black-vita-black-thermal-predectant-serum-50-ml-5600450604923-984440-23305294905540.jpg?v=1642332261
VITA HAIR CREME 7EN1 150ML,https://media.cdnws.com/_i/284204/606/3162/7/vita-hair-activateur-de-boucles-150-ml.png
VITA HAIR CREME 7EN1 300ML,https://media.cdnws.com/_i/284204/567/3515/67/vita-hair-leave-in-7-1-300-ml-la-vie-belle.png
VITA HAIR CURL ACTIVATEUR DE BOUCLES 150ML,https://media.cdnws.com/_i/284204/606/3162/7/vita-hair-activateur-de-boucles-150-ml.png
VITA HAIR LEAVE-IN KERATINE 400ML,https://www.brasilybelleza.com/media/cache/vitablack_karite_cp_7_1_500x500_85.jpg
VITA HAIR MASQUE EXTRA HYDRATATION 1KG,https://media.cdnws.com/_i/284204/569/2626/69/vita-hair-masque-extra-hydratation-boucles-crepus-1kg-la-vie-belle.png
VITA HAIR MASQUE NUTRITION KARITE 1KG,https://media.cdnws.com/_i/284204/570/3230/70/vita-hair-masque-nutrition-1-kg-la-vie-belle.png
VITA HAIR MASQUE RECONSTRUCTION 1KG,https://media.cdnws.com/_i/284204/571/524/71/vita-hair-masque-reconstruction-1kg-la-vie-belle.png
VITA HAIR PRO CROISSANCE 150ML,https://www.pharmareunion.re/resize/300x300/media/finish/img/normal/71/5600450613666-leave-in-pro-croissance-150-ml-2.jpg
VITA HAIR PRO CROISSANCE 300ML,https://media.cdnws.com/_i/284204/567/3515/67/vita-hair-leave-in-7-1-300-ml-la-vie-belle.png
VITA HAIR SHAMPOOING ANTI CHUTE 400ML,https://media.cdnws.com/_i/284204/m250-572/2836/72/vita-hair-shampooing-boucles-seches-400-ml-la-vie-belle.png
VITA HAIR SHAMPOOING BOUCLES SECHES 400ML,https://media.cdnws.com/_i/284204/572/2836/72/vita-hair-shampooing-boucles-seches-400-ml-la-vie-belle.png
VITA HAIR SHAMPOOING CHEV. TRAIT. CHIMIQ.400ML,https://ae01.alicdn.com/kf/A8a29734ce90d4ba7a85f556b283a3f3ae/Vita-ABE-shampoing-pour-hommes-400ml-transparent-anti-pelliculaire-soin-capillaire-beaut-et-sant.jpg
VITA HAIR ULTRA DEMELANT 150ML,https://www.pharmareunion.re/resize/600x600/media/finish/img/normal/76/5600450613628-leave-in-ultra-demelant-150-ml-2.jpg
VITA HAIR ULTRA DEMELANT 300ML,https://media.cdnws.com/_i/284204/568/28/68/vita-hair-leave-in-ultra-demelant-300-ml-la-vie-belle.png
VITA HAIR AP SHAMPOOING BOUCLES DOUCES 150ML,https://media.cdnws.com/_i/284204/572/2836/72/vita-hair-shampooing-boucles-seches-400-ml-la-vie-belle.png
VITA HAIR AP SHAMPOOING CREPUS 150ML,https://media.cdnws.com/_i/284204/577/3645/77/affiche-vita-hair.png
VITA HAIR LEAVE IN BOUCLES CREPUS 150ML,https://www.pharmareunion.re/resize/300x300/media/finish/img/normal/12/5600450613925-leave-in-demelant-boucles-crepus-150-ml-2.jpg
